tax_id	abundance	species	genus	family	order	class	phylum	clade	superkingdom	subspecies	species subgroup	species group	estimated counts
732238	0.010947845632733799	Povalibacter uvarum	Povalibacter	Steroidobacteraceae	Nevskiales	Gammaproteobacteria	Proteobacteria		Bacteria				118.78412511516171
2527975	0.0028546623279124377	Planctomycetes bacterium Pan216					Planctomycetes	PVC group	Bacteria				30.97308625784995
56	0.0034799478808033896	Sorangium cellulosum	Sorangium	Polyangiaceae	Myxococcales	Deltaproteobacteria	Proteobacteria		Bacteria				37.75743450671678
54005	0.0030399242642385523	Peptoniphilus harei	Peptoniphilus	Peptoniphilaceae	Tissierellales	Tissierellia	Firmicutes	Terrabacteria group	Bacteria				32.98317826698829
1002870	0.1373823564277475	Gaiella occulta	Gaiella	Gaiellaceae	Gaiellales	Rubrobacteria	Actinobacteria	Terrabacteria group	Bacteria				1490.5985672410602
1229656	0.008694229450802579	Acidibacter ferrireducens	Acidibacter			Gammaproteobacteria	Proteobacteria		Bacteria				94.33238954120797
1325564	0.017307935783910756	Nitrospira japonica	Nitrospira	Nitrospiraceae	Nitrospirales	Nitrospira	Nitrospirae		Bacteria				187.7911032554317
2528021	0.00702158914284807	Planctomycetes bacterium ETA_A8					Planctomycetes	PVC group	Bacteria				76.18424219990156
1458336	0.005773570204814624	Brevitalea aridisoli	Brevitalea	Pyrinomonadaceae	Blastocatellales	Blastocatellia	Acidobacteria		Bacteria				62.64323672223867
1612172	0.10554202408404278	Vicinamibacter silvestris	Vicinamibacter	Vicinamibacteraceae		Vicinamibacteria	Acidobacteria		Bacteria				1145.1309613118642
1108	0.002181150713905687	Chloroflexus aurantiacus	Chloroflexus	Chloroflexaceae	Chloroflexales	Chloroflexia	Chloroflexi	Terrabacteria group	Bacteria				23.665485245876702
1855912	0.04027017940038468	Luteitalea pratensis	Luteitalea	Vicinamibacteraceae		Vicinamibacteria	Acidobacteria		Bacteria				436.93144649417377
448141	0.002641534544728524	Calditerricola yamamurae	Calditerricola	Bacillaceae	Bacillales	Bacilli	Firmicutes	Terrabacteria group	Bacteria				28.660649810304488
467091	0.008309405077480955	Ilumatobacter fluminis	Ilumatobacter	Ilumatobacteraceae	Acidimicrobiales	Acidimicrobiia	Actinobacteria	Terrabacteria group	Bacteria				90.15704509066836
363863	0.007322423806111735	Microlunatus ginsengisoli	Microlunatus	Propionibacteriaceae	Propionibacteriales	Actinobacteria	Actinobacteria	Terrabacteria group	Bacteria				79.44829829631233
927083	0.003335449693857603	Sandaracinus amylolyticus	Sandaracinus	Sandaracinaceae	Myxococcales	Deltaproteobacteria	Proteobacteria		Bacteria				36.18962917835499
1379270	0.004651749361503068	Gemmatimonas phototrophica	Gemmatimonas	Gemmatimonadaceae	Gemmatimonadales	Gemmatimonadetes	Gemmatimonadetes	FCB group	Bacteria				50.47148057230829
1231	0.0023726038991323255	Nitrosospira multiformis	Nitrosospira	Nitrosomonadaceae	Nitrosomonadales	Betaproteobacteria	Proteobacteria		Bacteria				25.742752305585732
268404	0.004397691995301661	Steroidobacter agariperforans	Steroidobacter	Steroidobacteraceae	Nevskiales	Gammaproteobacteria	Proteobacteria		Bacteria				47.71495814902302
2528009	0.00219883149924473	Planctomycetes bacterium Pla175					Planctomycetes	PVC group	Bacteria				23.857321766805317
331696	0.016235740417002546	Pseudolabrys taiwanensis	Pseudolabrys	Xanthobacteraceae	Rhizobiales	Alphaproteobacteria	Proteobacteria		Bacteria				176.15778352447762
1397	0.003513471627302978	Bacillus circulans	Bacillus	Bacillaceae	Bacillales	Bacilli	Firmicutes	Terrabacteria group	Bacteria				38.12116715623731
658062	0.011151936551302503	Candidatus Koribacter versatilis	Candidatus Koribacter	Acidobacteriaceae	Acidobacteriales	Acidobacteriia	Acidobacteria		Bacteria				120.99851158163216
1473598	0.003187932911214458	Paludibaculum fermentans	Paludibaculum	Bryobacteraceae	Bryobacterales	Acidobacteriia	Acidobacteria		Bacteria				34.58907208667687
1705717	0.004477120203258292	Patulibacter brassicae	Patulibacter	Patulibacteraceae	Solirubrobacterales	Thermoleophilia	Actinobacteria	Terrabacteria group	Bacteria				48.57675420535247
29405	0.024936126672577733	Microlunatus phosphovorus	Microlunatus	Propionibacteriaceae	Propionibacteriales	Actinobacteria	Actinobacteria	Terrabacteria group	Bacteria				270.5569743974684
2358	0.001837008130419615	Desulfomonile tiedjei	Desulfomonile	Syntrophaceae	Syntrophobacterales	Deltaproteobacteria	Proteobacteria		Bacteria				19.93153821505282
445220	0.0032606379164447272	Reyranella massiliensis	Reyranella		Rhodospirillales	Alphaproteobacteria	Proteobacteria		Bacteria				35.37792139342529
643672	0.003176858949800568	Singulisphaera rosea	Singulisphaera	Isosphaeraceae	Isosphaerales	Planctomycetia	Planctomycetes	PVC group	Bacteria				34.46891960533616
1908690	0.00463357976411388	Fimbriiglobus ruber	Fimbriiglobus	Gemmataceae	Gemmatales	Planctomycetia	Planctomycetes	PVC group	Bacteria				50.274340440635605
1640865	0.006796508385358357	Parviterribacter kavangonensis	Parviterribacter	Parviterribacteraceae	Solirubrobacterales	Thermoleophilia	Actinobacteria	Terrabacteria group	Bacteria				73.74211598113817
191863	0.061562105991035156	Chthoniobacter flavus	Chthoniobacter	Chthoniobacteraceae	Chthoniobacterales	Spartobacteria	Verrucomicrobia	PVC group	Bacteria				667.9488500027314
1704307	0.003184656256202188	Candidatus Xiphinematobacter sp. Idaho Grape	Candidatus Xiphinematobacter			Spartobacteria	Verrucomicrobia	PVC group	Bacteria				34.55352037979374
169056	0.0018921546293569	Nordella oligomobilis	Nordella		Rhizobiales	Alphaproteobacteria	Proteobacteria		Bacteria				20.529877728522365
1882682	0.0029343561876612077	Microvirga ossetica	Microvirga	Methylobacteriaceae	Rhizobiales	Alphaproteobacteria	Proteobacteria		Bacteria				31.837764636124103
1603870	0.005273504901622445	Brevitalea deliciosa	Brevitalea	Pyrinomonadaceae	Blastocatellales	Blastocatellia	Acidobacteria		Bacteria				57.21752818260353
690879	0.008342937805150002	Terrimicrobium sacchariphilum	Terrimicrobium	Terrimicrobiaceae	Terrimicrobiales	Terrimicrobia	Verrucomicrobia	PVC group	Bacteria				90.52087518587753
1052257	0.003293843290823281	Aquihabitans daechungensis	Aquihabitans	Iamiaceae	Acidimicrobiales	Acidimicrobiia	Actinobacteria	Terrabacteria group	Bacteria				35.7381997054326
239935	0.009237420032066554	Akkermansia muciniphila	Akkermansia	Akkermansiaceae	Verrucomicrobiales	Verrucomicrobiae	Verrucomicrobia	PVC group	Bacteria				100.2260073479221
1650658	0.006255844573613872	Actinobacteria bacterium IMCC26256				Actinobacteria	Actinobacteria	Terrabacteria group	Bacteria				67.8759136237105
502333	0.001905055515240159	Ramlibacter ginsenosidimutans	Ramlibacter	Comamonadaceae	Burkholderiales	Betaproteobacteria	Proteobacteria		Bacteria				20.669852340355725
1324935	0.012444379321011488	Limisphaera ngatamarikiensis	Limisphaera	Verrucomicrobia subdivision 3	Verrucomicrobiales	Verrucomicrobiae	Verrucomicrobia	PVC group	Bacteria				135.02151563297465
1157309	0.0021453065229027524	Luteolibacter cuticulihirudinis	Luteolibacter	Verrucomicrobiaceae	Verrucomicrobiales	Verrucomicrobiae	Verrucomicrobia	PVC group	Bacteria				23.276575773494862
496014	0.007882252119683896	Baekduia soli	Baekduia	Baekduiaceae	Rubrobacterales	Rubrobacteria	Actinobacteria	Terrabacteria group	Bacteria				85.52243549857027
490573	0.013575277123730987	Solirubrobacter ginsenosidimutans	Solirubrobacter	Solirubrobacteraceae	Solirubrobacterales	Thermoleophilia	Actinobacteria	Terrabacteria group	Bacteria				147.2917567924812
1495650	0.005110170794275731	Thermoflexus hugenholtzii	Thermoflexus	Thermoflexaceae	Thermoflexales	Thermoflexia	Chloroflexi	Terrabacteria group	Bacteria				55.44535311789168
467093	0.002723090937940494	Ilumatobacter nonamiensis	Ilumatobacter	Ilumatobacteraceae	Acidimicrobiales	Acidimicrobiia	Actinobacteria	Terrabacteria group	Bacteria				29.54553667665436
467976	0.0049377887229942645	Iamia majanohamensis	Iamia	Iamiaceae	Acidimicrobiales	Acidimicrobiia	Actinobacteria	Terrabacteria group	Bacteria				53.57500764448777
125	0.0023364812255181433	Pirellula staleyi	Pirellula	Pirellulaceae	Pirellulales	Planctomycetia	Planctomycetes	PVC group	Bacteria				25.350821296871853
1632864	0.0029695445947165097	Planctomyces sp. SH-PL14	Planctomyces	Planctomycetaceae	Planctomycetales	Planctomycetia	Planctomycetes	PVC group	Bacteria				32.21955885267413
2675101	0.0020164703487424163	Lysobacter caseinilyticus	Lysobacter	Xanthomonadaceae	Xanthomonadales	Gammaproteobacteria	Proteobacteria		Bacteria				21.878703283855216
694315	0.003023018461971354	Kofleria flava	Kofleria	Kofleriaceae	Myxococcales	Deltaproteobacteria	Proteobacteria		Bacteria				32.79975031238919
2578113	0.002657493752281271	Bradyrhizobium sp. KBS0725	Bradyrhizobium	Bradyrhizobiaceae	Rhizobiales	Alphaproteobacteria	Proteobacteria		Bacteria				28.83380721225179
309888	0.0016445276472831635	Deinococcus pimensis	Deinococcus	Deinococcaceae	Deinococcales	Deinococci	Deinococcus-Thermus	Terrabacteria group	Bacteria				17.843124973022324
2170729	0.007586056340796262	Methyloceanibacter sp. wino2	Methyloceanibacter		Rhizobiales	Alphaproteobacteria	Proteobacteria		Bacteria				82.30871129763943
546872	0.0020074388340255394	Friedmanniella lucida	Friedmanniella	Nocardioidaceae	Propionibacteriales	Actinobacteria	Actinobacteria	Terrabacteria group	Bacteria				21.780711349177103
667306	0.007289530421701245	Aciditerrimonas ferrireducens	Aciditerrimonas	Acidimicrobiaceae	Acidimicrobiales	Acidimicrobiia	Actinobacteria	Terrabacteria group	Bacteria				79.09140507545851
393310	0.002971949854607313	Skermanella aerolata	Skermanella	Rhodospirillaceae	Rhodospirillales	Alphaproteobacteria	Proteobacteria		Bacteria				32.24565592248935
685828	0.0026042210215120845	Armatimonas rosea	Armatimonas	Armatimonadaceae	Armatimonadales	Armatimonadia	Armatimonadetes	Terrabacteria group	Bacteria				28.255798083406116
511746	0.002926550192725456	Methylacidiphilum infernorum	Methylacidiphilum	Methylacidiphilaceae	Methylacidiphilales	Methylacidiphilae	Verrucomicrobia	PVC group	Bacteria				31.753069591071196
1404360	0.0036321309926108086	Solirubrobacter phytolaccae	Solirubrobacter	Solirubrobacteraceae	Solirubrobacterales	Thermoleophilia	Actinobacteria	Terrabacteria group	Bacteria				39.40862126982727
2662614	0.0020025227954418735	Terrimonas suqianensis	Terrimonas	Chitinophagaceae	Chitinophagales	Chitinophagia	Bacteroidetes	FCB group	Bacteria				21.727372330544327
363832	0.011343447482196643	Solirubrobacter soli	Solirubrobacter	Solirubrobacteraceae	Solirubrobacterales	Thermoleophilia	Actinobacteria	Terrabacteria group	Bacteria				123.07640518183358
2056494	0.0016017706462483163	Candidatus Saccharibacteria bacterium YM_S32_TM7_50_20					Candidatus Saccharibacteria	Bacteria candidate phyla	Bacteria				17.37921151179423
332163	0.011644029285129169	Candidatus Solibacter usitatus	Candidatus Solibacter	Solibacteraceae	Bryobacterales	Acidobacteriia	Acidobacteria		Bacteria				126.33771774365148
47498	0.0026727698744556092	Pedomicrobium manganicum	Pedomicrobium	Hyphomicrobiaceae	Rhizobiales	Alphaproteobacteria	Proteobacteria		Bacteria				28.99955313784336
400768	0.014859876624855462	Microlunatus panaciterrae	Microlunatus	Propionibacteriaceae	Propionibacteriales	Actinobacteria	Actinobacteria	Terrabacteria group	Bacteria				161.22966137968177
42256	0.003944868125609786	Rubrobacter radiotolerans	Rubrobacter	Rubrobacteraceae	Rubrobacterales	Rubrobacteria	Actinobacteria	Terrabacteria group	Bacteria				42.80181916286618
1355477	0.0024566079494928463	Bradyrhizobium diazoefficiens	Bradyrhizobium	Bradyrhizobiaceae	Rhizobiales	Alphaproteobacteria	Proteobacteria		Bacteria				26.654196251997384
1933902	0.004850316894598475	Rubrobacter spartanus	Rubrobacter	Rubrobacteraceae	Rubrobacterales	Rubrobacteria	Actinobacteria	Terrabacteria group	Bacteria				52.62593830639345
1560324	0.008865629222274511	Arenimicrobium luteum	Arenimicrobium	Pyrinomonadaceae	Blastocatellales	Blastocatellia	Acidobacteria		Bacteria				96.19207706167845
2053591	0.0020072528692115735	Planctomycetales bacterium			Planctomycetales	Planctomycetia	Planctomycetes	PVC group	Bacteria				21.778693630945572
1387353	0.003265195461278813	Paludisphaera borealis	Paludisphaera	Isosphaeraceae	Isosphaerales	Planctomycetia	Planctomycetes	PVC group	Bacteria				35.42737075487512
1469502	0.00265395354861343	Burkholderiales bacterium GJ-E10			Burkholderiales	Betaproteobacteria	Proteobacteria		Bacteria				28.795396002455714
1630693	0.003705566034168299	Gemmata sp. SH-PL17	Gemmata	Gemmataceae	Gemmatales	Planctomycetia	Planctomycetes	PVC group	Bacteria				40.20539147072604
2562284	0.004554698082648245	Pseudolabrys sp. FHR47	Pseudolabrys	Xanthobacteraceae	Rhizobiales	Alphaproteobacteria	Proteobacteria		Bacteria				49.41847419673346
114	0.002642112613107012	Gemmata obscuriglobus	Gemmata	Gemmataceae	Gemmatales	Planctomycetia	Planctomycetes	PVC group	Bacteria				28.666921852211082
1838286	0.0021509482886199346	Lacunisphaera limnophila	Lacunisphaera	Opitutaceae	Opitutales	Opitutae	Verrucomicrobia	PVC group	Bacteria				23.33778893152629
1391653	0.001894970027334557	Vulgatibacter incomptus	Vulgatibacter	Vulgatibacteraceae	Myxococcales	Deltaproteobacteria	Proteobacteria		Bacteria				20.560424796579944
674703	0.01978796955104458	Rhodoplanes sp. Z2-YC6860	Rhodoplanes	Hyphomicrobiaceae	Rhizobiales	Alphaproteobacteria	Proteobacteria		Bacteria				214.6994696288337
162028	0.0034722807675106318	Haliangium tepidum	Haliangium	Kofleriaceae	Myxococcales	Deltaproteobacteria	Proteobacteria		Bacteria				37.67424632749035
1904640	0.005867434030117795	Betaproteobacteria bacterium GR16-43				Betaproteobacteria	Proteobacteria		Bacteria				63.66165922677808
1817965	0.0025429384293395585	Skermanella rosea	Skermanella	Rhodospirillaceae	Rhodospirillales	Alphaproteobacteria	Proteobacteria		Bacteria				27.590881958334208
492670	0.0032811590776002887	Bacillus velezensis	Bacillus	Bacillaceae	Bacillales	Bacilli	Firmicutes	Terrabacteria group	Bacteria		Bacillus amyloliquefaciens group	Bacillus subtilis group	35.60057599196313
1097667	0.0036052095664305824	Patulibacter medicamentivorans	Patulibacter	Patulibacteraceae	Solirubrobacterales	Thermoleophilia	Actinobacteria	Terrabacteria group	Bacteria				39.11652379577182
1391654	0.004423160160845073	Labilithrix luteola	Labilithrix	Labilitrichaceae	Myxococcales	Deltaproteobacteria	Proteobacteria		Bacteria				47.991287745169046
1670831	0.0032209590074640066	Egibacter rhizosphaerae	Egibacter	Egibacteraceae	Egibacterales	Nitriliruptoria	Actinobacteria	Terrabacteria group	Bacteria				34.94740523098447
2086585	0.0013277123563707103	Christensenella sp. Marseille-P3954	Christensenella	Christensenellaceae	Clostridiales	Clostridia	Firmicutes	Terrabacteria group	Bacteria				14.405679066622206
48466	0.0019147607184220295	Prosthecobacter vanneervenii	Prosthecobacter	Verrucomicrobiaceae	Verrucomicrobiales	Verrucomicrobiae	Verrucomicrobia	PVC group	Bacteria				20.77515379487902
29539	0.0021244093415597374	Thermoleophilum album	Thermoleophilum	Thermoleophilaceae	Thermoleophilales	Thermoleophilia	Actinobacteria	Terrabacteria group	Bacteria				23.04984135592315
1637999	0.001604886809000812	Verrucomicrobia bacterium IMCC26134					Verrucomicrobia	PVC group	Bacteria				17.41302187765881
2528023	0.0028722786788908544	Planctomycetes bacterium ETA_A1					Planctomycetes	PVC group	Bacteria				31.16422366596577
279810	0.0018661172915801526	Thiobacter subterraneus	Thiobacter		Burkholderiales	Betaproteobacteria	Proteobacteria		Bacteria				20.247372613644657
1456	0.0019502276713839178	Bacillus benzoevorans	Bacillus	Bacillaceae	Bacillales	Bacilli	Firmicutes	Terrabacteria group	Bacteria				21.15997023451551
1274631	0.002915218688350346	Bradyrhizobium icense	Bradyrhizobium	Bradyrhizobiaceae	Rhizobiales	Alphaproteobacteria	Proteobacteria		Bacteria				31.630122768601257
220684	0.002172711722171012	Neobacillus drentensis	Neobacillus	Bacillaceae	Bacillales	Bacilli	Firmicutes	Terrabacteria group	Bacteria				23.57392218555548
1969806	0.0016052331084745845	Acidibrevibacterium fodinaquatile	Acidibrevibacterium	Acetobacteraceae	Rhodospirillales	Alphaproteobacteria	Proteobacteria		Bacteria				17.41677922694924
1640866	0.003046113987297642	Parviterribacter multiflagellatus	Parviterribacter	Parviterribacteraceae	Solirubrobacterales	Thermoleophilia	Actinobacteria	Terrabacteria group	Bacteria				33.05033676217942
360055	0.005143919547906739	Zavarzinella formosa	Zavarzinella	Gemmataceae	Gemmatales	Planctomycetia	Planctomycetes	PVC group	Bacteria				55.81152709478812
2598579	0.0028491853202642914	Limnoglobus roseus	Limnoglobus	Gemmataceae	Gemmatales	Planctomycetia	Planctomycetes	PVC group	Bacteria				30.91366072486756
174633	0.002211220514335395	Candidatus Kuenenia stuttgartiensis	Candidatus Kuenenia	Candidatus Brocadiaceae	Candidatus Brocadiales	Candidatus Brocadiae	Planctomycetes	PVC group	Bacteria				23.991742580539036
1546155	0.008772150702158497	Tepidisphaera mucosa	Tepidisphaera	Tepidisphaeraceae	Tepidisphaerales	Phycisphaerae	Planctomycetes	PVC group	Bacteria				95.1778351184197
1518501	0.001450569788915394	Bradyrhizobium valentinum	Bradyrhizobium	Bradyrhizobiaceae	Rhizobiales	Alphaproteobacteria	Proteobacteria		Bacteria				15.738682209732024
1428	0.0035583069250081944	Bacillus thuringiensis	Bacillus	Bacillaceae	Bacillales	Bacilli	Firmicutes	Terrabacteria group	Bacteria			Bacillus cereus group	38.60763013633891
861299	0.008353795354834236	Gemmatirosa kalamazoonesis	Gemmatirosa	Gemmatimonadaceae	Gemmatimonadales	Gemmatimonadetes	Gemmatimonadetes	FCB group	Bacteria				90.63867959995146
53635	0.003881280053224301	Acidimicrobium ferrooxidans	Acidimicrobium	Acidimicrobiaceae	Acidimicrobiales	Acidimicrobiia	Actinobacteria	Terrabacteria group	Bacteria				42.11188857748366
352858	0.0019003739373587001	Bacillus sp. Y1	Bacillus	Bacillaceae	Bacillales	Bacilli	Firmicutes	Terrabacteria group	Bacteria				20.619057220341897
35839	0.0019866128890952874	Holophaga foetida	Holophaga	Holophagaceae	Holophagales	Holophagae	Acidobacteria		Bacteria				21.55474984668387
1679444	0.0015143042690716408	Akkermansia glycaniphila	Akkermansia	Akkermansiaceae	Verrucomicrobiales	Verrucomicrobiae	Verrucomicrobia	PVC group	Bacteria				16.4302013194273
190148	0.0034637872753519915	Bradyrhizobium paxllaeri	Bradyrhizobium	Bradyrhizobiaceae	Rhizobiales	Alphaproteobacteria	Proteobacteria		Bacteria				37.58209193756911
380628	0.0014508771778042647	Lysobacter niabensis	Lysobacter	Xanthomonadaceae	Xanthomonadales	Gammaproteobacteria	Proteobacteria		Bacteria				15.742017379176273
99117	0.002481018014469548	Friedmanniella capsulata	Friedmanniella	Nocardioidaceae	Propionibacteriales	Actinobacteria	Actinobacteria	Terrabacteria group	Bacteria				26.9190454569946
191495	0.005593712462549254	Conexibacter woesei	Conexibacter	Conexibacteraceae	Solirubrobacterales	Thermoleophilia	Actinobacteria	Terrabacteria group	Bacteria				60.6917802186594
2211140	0.002406553122113763	Acidisarcina polymorpha	Acidisarcina	Acidobacteriaceae	Acidobacteriales	Acidobacteriia	Acidobacteria		Bacteria				26.111101374934332
1452742	0.0017974332697080209	Streptomyces burgazadensis	Streptomyces	Streptomycetaceae	Streptomycetales	Actinobacteria	Actinobacteria	Terrabacteria group	Bacteria				19.502150976332025
1940611	0.0020058192145443595	Conexibacter stalactiti	Conexibacter	Conexibacteraceae	Solirubrobacterales	Thermoleophilia	Actinobacteria	Terrabacteria group	Bacteria				21.7631384778063
254247	0.0028906339315068652	Aquicella siphonis	Aquicella	Coxiellaceae	Legionellales	Gammaproteobacteria	Proteobacteria		Bacteria				31.36337815684949
1005039	0.002206371940492444	Fimbriimonas ginsengisoli	Fimbriimonas	Fimbriimonadaceae	Fimbriimonadales	Fimbriimonadia	Armatimonadetes	Terrabacteria group	Bacteria				23.939135554343014
173480	0.0037529379026441005	Gemmatimonas aurantiaca	Gemmatimonas	Gemmatimonadaceae	Gemmatimonadales	Gemmatimonadetes	Gemmatimonadetes	FCB group	Bacteria				40.719376243688494
412593	0.0013873900856089028	Thermosulfidibacter takaii	Thermosulfidibacter		Aquificales	Aquificae	Aquificae		Bacteria				15.053182428856596
2036016	0.0013340188189951778	Bacillus endozanthoxylicus	Bacillus	Bacillaceae	Bacillales	Bacilli	Firmicutes	Terrabacteria group	Bacteria				14.47410418609768
450367	0.0033167984280461963	[Brevibacterium] frigoritolerans	Bacillus	Bacillaceae	Bacillales	Bacilli	Firmicutes	Terrabacteria group	Bacteria				35.98726294430123
340071	0.001309478629961328	Criblamydia sequanensis	Criblamydia	Criblamydiaceae	Parachlamydiales	Chlamydiia	Chlamydiae	PVC group	Bacteria				14.20784313508041
1368237	0.0023960306192110765	Reyranella graminifolii	Reyranella		Rhodospirillales	Alphaproteobacteria	Proteobacteria		Bacteria				25.99693221844018
1404	0.00765501613235536	Bacillus megaterium	Bacillus	Bacillaceae	Bacillales	Bacilli	Firmicutes	Terrabacteria group	Bacteria				83.05692503605566
1384459	0.009546543327978187	Methyloceanibacter caenitepidi	Methyloceanibacter		Rhizobiales	Alphaproteobacteria	Proteobacteria		Bacteria				103.57999510856334
454146	0.0012733979425547978	Roseibacillus ishigakijimensis	Roseibacillus	Verrucomicrobiaceae	Verrucomicrobiales	Verrucomicrobiae	Verrucomicrobia	PVC group	Bacteria				13.816367676719556
912552	0.006723921160767804	Conexibacter arvalis	Conexibacter	Conexibacteraceae	Solirubrobacterales	Thermoleophilia	Actinobacteria	Terrabacteria group	Bacteria				72.95454459433067
29408	0.0018291226520223925	Rhodoplanes elegans	Rhodoplanes	Hyphomicrobiaceae	Rhizobiales	Alphaproteobacteria	Proteobacteria		Bacteria				19.84598077444296
2014610	0.002519794673197027	Roseisolibacter agri	Roseisolibacter	Gemmatimonadaceae	Gemmatimonadales	Gemmatimonadetes	Gemmatimonadetes	FCB group	Bacteria				27.339772204187742
673862	0.0013395742541947207	Candidatus Babela massiliensis	Candidatus Babela	Candidatus Babeliaceae	Candidatus Babeliales	Candidatus Babeliae		Bacteria candidate phyla	Bacteria				14.534380658012719
375	0.001913411926018349	Bradyrhizobium japonicum	Bradyrhizobium	Bradyrhizobiaceae	Rhizobiales	Alphaproteobacteria	Proteobacteria		Bacteria				20.76051939729909
466153	0.003527923668518158	Singulisphaera acidiphila	Singulisphaera	Isosphaeraceae	Isosphaerales	Planctomycetia	Planctomycetes	PVC group	Bacteria				38.27797180342201
2528007	0.0021705038126617975	Planctomycetes bacterium Pla110					Planctomycetes	PVC group	Bacteria				23.549966367380502
515499	0.0016083107662988327	Bradyrhizobium rifense	Bradyrhizobium	Bradyrhizobiaceae	Rhizobiales	Alphaproteobacteria	Proteobacteria		Bacteria				17.450171814342333
1813871	0.0032842995499538833	Panacibacter ginsenosidivorans	Panacibacter	Chitinophagaceae	Chitinophagales	Chitinophagia	Bacteroidetes	FCB group	Bacteria				35.63465011699963
1478	0.0036604190823984898	Peribacillus simplex	Peribacillus	Bacillaceae	Bacillales	Bacilli	Firmicutes	Terrabacteria group	Bacteria				39.715547044023616
1458337	0.003097564591444384	Stenotrophobacter terrae	Stenotrophobacter	Blastocatellaceae	Blastocatellales	Blastocatellia	Acidobacteria		Bacteria				33.60857581717157
1491	0.0015731990281587789	Clostridium botulinum	Clostridium	Clostridiaceae	Clostridiales	Clostridia	Firmicutes	Terrabacteria group	Bacteria				17.06920945552275
406548	0.0038682986282374153	Aquisphaera giovannonii	Aquisphaera	Isosphaeraceae	Isosphaerales	Planctomycetia	Planctomycetes	PVC group	Bacteria				41.97104011637595
1492898	0.0020604719433083493	Flavisolibacter tropicus	Flavisolibacter	Chitinophagaceae	Chitinophagales	Chitinophagia	Bacteroidetes	FCB group	Bacteria				22.35612058489559
192994	0.002348882678529178	Thermoleophilum minutum	Thermoleophilum	Thermoleophilaceae	Thermoleophilales	Thermoleophilia	Actinobacteria	Terrabacteria group	Bacteria				25.485377062041582
330214	0.0019329160858860453	Nitrospira defluvii	Nitrospira	Nitrospiraceae	Nitrospirales	Nitrospira	Nitrospirae		Bacteria				20.97213953186359
29409	0.0019434297055160672	Rhodoplanes roseus	Rhodoplanes	Hyphomicrobiaceae	Rhizobiales	Alphaproteobacteria	Proteobacteria		Bacteria				21.08621230484933
2527995	0.0024825137975912543	Planctomycetes bacterium Mal52					Planctomycetes	PVC group	Bacteria				26.935274703865108
1033741	0.0015523337000993705	Microvirga massiliensis	Microvirga	Methylobacteriaceae	Rhizobiales	Alphaproteobacteria	Proteobacteria		Bacteria				16.84282064607817
33030	0.0012148581282327364	Peptoniphilus indolicus	Peptoniphilus	Peptoniphilaceae	Tissierellales	Tissierellia	Firmicutes	Terrabacteria group	Bacteria				13.18121069132519
2578114	0.003785019506938374	Bradyrhizobium sp. KBS0727	Bradyrhizobium	Bradyrhizobiaceae	Rhizobiales	Alphaproteobacteria	Proteobacteria		Bacteria				41.06746165028136
446786	0.0033567363756327995	Microlunatus aurantiacus	Microlunatus	Propionibacteriaceae	Propionibacteriales	Actinobacteria	Actinobacteria	Terrabacteria group	Bacteria				36.42058967561587
78554	0.001571856057401193	Alterococcus agarolyticus	Alterococcus	Opitutaceae	Opitutales	Opitutae	Verrucomicrobia	PVC group	Bacteria				17.054638222802943
363888	0.0015841363236977933	Tumebacillus ginsengisoli	Tumebacillus	Alicyclobacillaceae	Bacillales	Bacilli	Firmicutes	Terrabacteria group	Bacteria				17.187879112121056
1897628	0.003125775175176749	Rhodoplanes azumiensis	Rhodoplanes	Hyphomicrobiaceae	Rhizobiales	Alphaproteobacteria	Proteobacteria		Bacteria				33.91466065066773
465721	0.002304757665594435	Steroidobacter denitrificans	Steroidobacter	Steroidobacteraceae	Nevskiales	Gammaproteobacteria	Proteobacteria		Bacteria				25.006620671699622
1759536	0.002094139347429653	Friedmanniella endophytica	Friedmanniella	Nocardioidaceae	Propionibacteriales	Actinobacteria	Actinobacteria	Terrabacteria group	Bacteria				22.721411919611732
2580413	0.0022202203699445097	Microvirga brassicacearum	Microvirga	Methylobacteriaceae	Rhizobiales	Alphaproteobacteria	Proteobacteria		Bacteria				24.08939101389793
228899	0.002806642549564812	Peribacillus asahii	Peribacillus	Bacillaceae	Bacillales	Bacilli	Firmicutes	Terrabacteria group	Bacteria				30.45207166277821
1230389	0.0021200588570523663	Reyranella soli	Reyranella		Rhodospirillales	Alphaproteobacteria	Proteobacteria		Bacteria				23.002638599018173
1465756	0.001678697089133914	Peptoniphilus grossensis	Peptoniphilus	Peptoniphilaceae	Tissierellales	Tissierellia	Firmicutes	Terrabacteria group	Bacteria				18.213863417102967
1246	0.0013609722180959385	Leuconostoc lactis	Leuconostoc	Leuconostocaceae	Lactobacillales	Bacilli	Firmicutes	Terrabacteria group	Bacteria				14.766548566340932
1176646	0.0020088719400390177	Sphingomonas daechungensis	Sphingomonas	Sphingomonadaceae	Sphingomonadales	Alphaproteobacteria	Proteobacteria		Bacteria				21.79626054942334
1396	0.0025663929173489757	Bacillus cereus	Bacillus	Bacillaceae	Bacillales	Bacilli	Firmicutes	Terrabacteria group	Bacteria			Bacillus cereus group	27.845363153236384
796384	0.0016828656753928534	Flavitalea populi	Flavitalea	Chitinophagaceae	Chitinophagales	Chitinophagia	Bacteroidetes	FCB group	Bacteria				18.25909257801246
81032	0.00117666857721029	Hyphomonas neptunium	Hyphomonas	Hyphomonadaceae	Rhodobacterales	Alphaproteobacteria	Proteobacteria		Bacteria				12.766854062731648
unassigned	0.0												1.0
